HE,KO
1.000000,
1.111622,0.680185
0.992863,0.795720
0.908149,0.877387
1.382232,0.659754