HET,KO
8.128025,4.151908
6.171068,12.054830
1.734185,8.343191
3.073041,18.979520
,10.053830
,8.467581