Inv HE,Inv KO
1.000000,0.574084
0.801996,6.800625
0.874987,5.393921
0.475110,2.903248
0.860154,1.070042